,param_comb,alpha,beta,Lambda,sigma,run,episode,steps,reward
0,0.0,0.1,0.0,0.0,0.0,0.0,0.0,5343.0,-5343.0
1,0.0,0.1,0.0,0.0,0.0,0.0,1.0,1692.0,-1692.0
2,0.0,0.1,0.0,0.0,0.0,0.0,2.0,962.0,-962.0
3,0.0,0.1,0.0,0.0,0.0,0.0,3.0,1151.0,-1151.0
4,0.0,0.1,0.0,0.0,0.0,0.0,4.0,824.0,-824.0
5,0.0,0.1,0.0,0.0,0.0,0.0,5.0,1067.0,-1067.0
6,0.0,0.1,0.0,0.0,0.0,0.0,6.0,739.0,-739.0
7,0.0,0.1,0.0,0.0,0.0,0.0,7.0,673.0,-673.0
8,0.0,0.1,0.0,0.0,0.0,0.0,8.0,577.0,-577.0
9,0.0,0.1,0.0,0.0,0.0,0.0,9.0,567.0,-567.0
10,0.0,0.1,0.0,0.0,0.0,0.0,10.0,488.0,-488.0
11,0.0,0.1,0.0,0.0,0.0,0.0,11.0,696.0,-696.0
12,0.0,0.1,0.0,0.0,0.0,0.0,12.0,494.0,-494.0
13,0.0,0.1,0.0,0.0,0.0,0.0,13.0,600.0,-600.0
14,0.0,0.1,0.0,0.0,0.0,0.0,14.0,453.0,-453.0
15,0.0,0.1,0.0,0.0,0.0,0.0,15.0,319.0,-319.0
16,0.0,0.1,0.0,0.0,0.0,0.0,16.0,505.0,-505.0
17,0.0,0.1,0.0,0.0,0.0,0.0,17.0,403.0,-403.0
18,0.0,0.1,0.0,0.0,0.0,0.0,18.0,513.0,-513.0
19,0.0,0.1,0.0,0.0,0.0,0.0,19.0,357.0,-357.0
20,0.0,0.1,0.0,0.0,0.0,0.0,20.0,252.0,-252.0
21,0.0,0.1,0.0,0.0,0.0,0.0,21.0,403.0,-403.0
22,0.0,0.1,0.0,0.0,0.0,0.0,22.0,324.0,-324.0
23,0.0,0.1,0.0,0.0,0.0,0.0,23.0,450.0,-450.0
24,0.0,0.1,0.0,0.0,0.0,0.0,24.0,347.0,-347.0
25,0.0,0.1,0.0,0.0,0.0,0.0,25.0,356.0,-356.0
26,0.0,0.1,0.0,0.0,0.0,0.0,26.0,361.0,-361.0
27,0.0,0.1,0.0,0.0,0.0,0.0,27.0,246.0,-246.0
28,0.0,0.1,0.0,0.0,0.0,0.0,28.0,415.0,-415.0
29,0.0,0.1,0.0,0.0,0.0,0.0,29.0,251.0,-251.0
30,0.0,0.1,0.0,0.0,0.0,0.0,30.0,418.0,-418.0
31,0.0,0.1,0.0,0.0,0.0,0.0,31.0,278.0,-278.0
32,0.0,0.1,0.0,0.0,0.0,0.0,32.0,383.0,-383.0
33,0.0,0.1,0.0,0.0,0.0,0.0,33.0,460.0,-460.0
34,0.0,0.1,0.0,0.0,0.0,0.0,34.0,352.0,-352.0
35,0.0,0.1,0.0,0.0,0.0,0.0,35.0,412.0,-412.0
36,0.0,0.1,0.0,0.0,0.0,0.0,36.0,239.0,-239.0
37,0.0,0.1,0.0,0.0,0.0,0.0,37.0,363.0,-363.0
38,0.0,0.1,0.0,0.0,0.0,0.0,38.0,235.0,-235.0
39,0.0,0.1,0.0,0.0,0.0,0.0,39.0,250.0,-250.0
40,0.0,0.1,0.0,0.0,0.0,0.0,40.0,335.0,-335.0
41,0.0,0.1,0.0,0.0,0.0,0.0,41.0,396.0,-396.0
42,0.0,0.1,0.0,0.0,0.0,0.0,42.0,311.0,-311.0
43,0.0,0.1,0.0,0.0,0.0,0.0,43.0,404.0,-404.0
44,0.0,0.1,0.0,0.0,0.0,0.0,44.0,237.0,-237.0
45,0.0,0.1,0.0,0.0,0.0,0.0,45.0,297.0,-297.0
46,0.0,0.1,0.0,0.0,0.0,0.0,46.0,238.0,-238.0
47,0.0,0.1,0.0,0.0,0.0,0.0,47.0,262.0,-262.0
48,0.0,0.1,0.0,0.0,0.0,0.0,48.0,246.0,-246.0
49,0.0,0.1,0.0,0.0,0.0,0.0,49.0,207.0,-207.0
50,0.0,0.1,0.0,0.0,0.0,0.0,50.0,392.0,-392.0
51,0.0,0.1,0.0,0.0,0.0,0.0,51.0,248.0,-248.0
52,0.0,0.1,0.0,0.0,0.0,0.0,52.0,234.0,-234.0
53,0.0,0.1,0.0,0.0,0.0,0.0,53.0,257.0,-257.0
54,0.0,0.1,0.0,0.0,0.0,0.0,54.0,243.0,-243.0
55,0.0,0.1,0.0,0.0,0.0,0.0,55.0,212.0,-212.0
56,0.0,0.1,0.0,0.0,0.0,0.0,56.0,280.0,-280.0
57,0.0,0.1,0.0,0.0,0.0,0.0,57.0,204.0,-204.0
58,0.0,0.1,0.0,0.0,0.0,0.0,58.0,275.0,-275.0
59,0.0,0.1,0.0,0.0,0.0,0.0,59.0,199.0,-199.0
60,0.0,0.1,0.0,0.0,0.0,0.0,60.0,193.0,-193.0
61,0.0,0.1,0.0,0.0,0.0,0.0,61.0,269.0,-269.0
62,0.0,0.1,0.0,0.0,0.0,0.0,62.0,242.0,-242.0
63,0.0,0.1,0.0,0.0,0.0,0.0,63.0,294.0,-294.0
64,0.0,0.1,0.0,0.0,0.0,0.0,64.0,238.0,-238.0
65,0.0,0.1,0.0,0.0,0.0,0.0,65.0,323.0,-323.0
66,0.0,0.1,0.0,0.0,0.0,0.0,66.0,187.0,-187.0
67,0.0,0.1,0.0,0.0,0.0,0.0,67.0,312.0,-312.0
68,0.0,0.1,0.0,0.0,0.0,0.0,68.0,293.0,-293.0
69,0.0,0.1,0.0,0.0,0.0,0.0,69.0,196.0,-196.0
70,0.0,0.1,0.0,0.0,0.0,0.0,70.0,186.0,-186.0
71,0.0,0.1,0.0,0.0,0.0,0.0,71.0,236.0,-236.0
72,0.0,0.1,0.0,0.0,0.0,0.0,72.0,233.0,-233.0
73,0.0,0.1,0.0,0.0,0.0,0.0,73.0,201.0,-201.0
74,0.0,0.1,0.0,0.0,0.0,0.0,74.0,250.0,-250.0
75,0.0,0.1,0.0,0.0,0.0,0.0,75.0,306.0,-306.0
76,0.0,0.1,0.0,0.0,0.0,0.0,76.0,164.0,-164.0
77,0.0,0.1,0.0,0.0,0.0,0.0,77.0,242.0,-242.0
78,0.0,0.1,0.0,0.0,0.0,0.0,78.0,232.0,-232.0
79,0.0,0.1,0.0,0.0,0.0,0.0,79.0,163.0,-163.0
80,0.0,0.1,0.0,0.0,0.0,0.0,80.0,281.0,-281.0
81,0.0,0.1,0.0,0.0,0.0,0.0,81.0,231.0,-231.0
82,0.0,0.1,0.0,0.0,0.0,0.0,82.0,244.0,-244.0
83,0.0,0.1,0.0,0.0,0.0,0.0,83.0,231.0,-231.0
84,0.0,0.1,0.0,0.0,0.0,0.0,84.0,264.0,-264.0
85,0.0,0.1,0.0,0.0,0.0,0.0,85.0,163.0,-163.0
86,0.0,0.1,0.0,0.0,0.0,0.0,86.0,163.0,-163.0
87,0.0,0.1,0.0,0.0,0.0,0.0,87.0,273.0,-273.0
88,0.0,0.1,0.0,0.0,0.0,0.0,88.0,247.0,-247.0
89,0.0,0.1,0.0,0.0,0.0,0.0,89.0,209.0,-209.0
90,0.0,0.1,0.0,0.0,0.0,0.0,90.0,230.0,-230.0
91,0.0,0.1,0.0,0.0,0.0,0.0,91.0,200.0,-200.0
92,0.0,0.1,0.0,0.0,0.0,0.0,92.0,223.0,-223.0
93,0.0,0.1,0.0,0.0,0.0,0.0,93.0,285.0,-285.0
94,0.0,0.1,0.0,0.0,0.0,0.0,94.0,252.0,-252.0
95,0.0,0.1,0.0,0.0,0.0,0.0,95.0,352.0,-352.0
96,0.0,0.1,0.0,0.0,0.0,0.0,96.0,213.0,-213.0
97,0.0,0.1,0.0,0.0,0.0,0.0,97.0,205.0,-205.0
98,0.0,0.1,0.0,0.0,0.0,0.0,98.0,238.0,-238.0
99,0.0,0.1,0.0,0.0,0.0,0.0,99.0,290.0,-290.0
100,1.0,0.1,0.0,0.0,0.5,0.0,0.0,3155.0,-3155.0
101,1.0,0.1,0.0,0.0,0.5,0.0,1.0,2396.0,-2396.0
102,1.0,0.1,0.0,0.0,0.5,0.0,2.0,1589.0,-1589.0
103,1.0,0.1,0.0,0.0,0.5,0.0,3.0,1143.0,-1143.0
104,1.0,0.1,0.0,0.0,0.5,0.0,4.0,994.0,-994.0
105,1.0,0.1,0.0,0.0,0.5,0.0,5.0,987.0,-987.0
106,1.0,0.1,0.0,0.0,0.5,0.0,6.0,1177.0,-1177.0
107,1.0,0.1,0.0,0.0,0.5,0.0,7.0,798.0,-798.0
108,1.0,0.1,0.0,0.0,0.5,0.0,8.0,638.0,-638.0
109,1.0,0.1,0.0,0.0,0.5,0.0,9.0,785.0,-785.0
110,1.0,0.1,0.0,0.0,0.5,0.0,10.0,615.0,-615.0
111,1.0,0.1,0.0,0.0,0.5,0.0,11.0,552.0,-552.0
112,1.0,0.1,0.0,0.0,0.5,0.0,12.0,453.0,-453.0
113,1.0,0.1,0.0,0.0,0.5,0.0,13.0,628.0,-628.0
114,1.0,0.1,0.0,0.0,0.5,0.0,14.0,497.0,-497.0
115,1.0,0.1,0.0,0.0,0.5,0.0,15.0,375.0,-375.0
116,1.0,0.1,0.0,0.0,0.5,0.0,16.0,495.0,-495.0
117,1.0,0.1,0.0,0.0,0.5,0.0,17.0,693.0,-693.0
118,1.0,0.1,0.0,0.0,0.5,0.0,18.0,413.0,-413.0
119,1.0,0.1,0.0,0.0,0.5,0.0,19.0,322.0,-322.0
120,1.0,0.1,0.0,0.0,0.5,0.0,20.0,372.0,-372.0
121,1.0,0.1,0.0,0.0,0.5,0.0,21.0,314.0,-314.0
122,1.0,0.1,0.0,0.0,0.5,0.0,22.0,245.0,-245.0
123,1.0,0.1,0.0,0.0,0.5,0.0,23.0,550.0,-550.0
124,1.0,0.1,0.0,0.0,0.5,0.0,24.0,338.0,-338.0
125,1.0,0.1,0.0,0.0,0.5,0.0,25.0,400.0,-400.0
126,1.0,0.1,0.0,0.0,0.5,0.0,26.0,251.0,-251.0
127,1.0,0.1,0.0,0.0,0.5,0.0,27.0,415.0,-415.0
128,1.0,0.1,0.0,0.0,0.5,0.0,28.0,369.0,-369.0
129,1.0,0.1,0.0,0.0,0.5,0.0,29.0,334.0,-334.0
130,1.0,0.1,0.0,0.0,0.5,0.0,30.0,235.0,-235.0
131,1.0,0.1,0.0,0.0,0.5,0.0,31.0,423.0,-423.0
132,1.0,0.1,0.0,0.0,0.5,0.0,32.0,276.0,-276.0
133,1.0,0.1,0.0,0.0,0.5,0.0,33.0,418.0,-418.0
134,1.0,0.1,0.0,0.0,0.5,0.0,34.0,344.0,-344.0
135,1.0,0.1,0.0,0.0,0.5,0.0,35.0,328.0,-328.0
136,1.0,0.1,0.0,0.0,0.5,0.0,36.0,354.0,-354.0
137,1.0,0.1,0.0,0.0,0.5,0.0,37.0,281.0,-281.0
138,1.0,0.1,0.0,0.0,0.5,0.0,38.0,353.0,-353.0
139,1.0,0.1,0.0,0.0,0.5,0.0,39.0,303.0,-303.0
140,1.0,0.1,0.0,0.0,0.5,0.0,40.0,253.0,-253.0
141,1.0,0.1,0.0,0.0,0.5,0.0,41.0,238.0,-238.0
142,1.0,0.1,0.0,0.0,0.5,0.0,42.0,242.0,-242.0
143,1.0,0.1,0.0,0.0,0.5,0.0,43.0,243.0,-243.0
144,1.0,0.1,0.0,0.0,0.5,0.0,44.0,297.0,-297.0
145,1.0,0.1,0.0,0.0,0.5,0.0,45.0,369.0,-369.0
146,1.0,0.1,0.0,0.0,0.5,0.0,46.0,279.0,-279.0
147,1.0,0.1,0.0,0.0,0.5,0.0,47.0,245.0,-245.0
148,1.0,0.1,0.0,0.0,0.5,0.0,48.0,269.0,-269.0
149,1.0,0.1,0.0,0.0,0.5,0.0,49.0,248.0,-248.0
150,1.0,0.1,0.0,0.0,0.5,0.0,50.0,290.0,-290.0
151,1.0,0.1,0.0,0.0,0.5,0.0,51.0,240.0,-240.0
152,1.0,0.1,0.0,0.0,0.5,0.0,52.0,201.0,-201.0
153,1.0,0.1,0.0,0.0,0.5,0.0,53.0,287.0,-287.0
154,1.0,0.1,0.0,0.0,0.5,0.0,54.0,410.0,-410.0
155,1.0,0.1,0.0,0.0,0.5,0.0,55.0,243.0,-243.0
156,1.0,0.1,0.0,0.0,0.5,0.0,56.0,273.0,-273.0
157,1.0,0.1,0.0,0.0,0.5,0.0,57.0,312.0,-312.0
158,1.0,0.1,0.0,0.0,0.5,0.0,58.0,278.0,-278.0
159,1.0,0.1,0.0,0.0,0.5,0.0,59.0,279.0,-279.0
160,1.0,0.1,0.0,0.0,0.5,0.0,60.0,238.0,-238.0
161,1.0,0.1,0.0,0.0,0.5,0.0,61.0,211.0,-211.0
162,1.0,0.1,0.0,0.0,0.5,0.0,62.0,288.0,-288.0
163,1.0,0.1,0.0,0.0,0.5,0.0,63.0,236.0,-236.0
164,1.0,0.1,0.0,0.0,0.5,0.0,64.0,236.0,-236.0
165,1.0,0.1,0.0,0.0,0.5,0.0,65.0,236.0,-236.0
166,1.0,0.1,0.0,0.0,0.5,0.0,66.0,201.0,-201.0
167,1.0,0.1,0.0,0.0,0.5,0.0,67.0,276.0,-276.0
168,1.0,0.1,0.0,0.0,0.5,0.0,68.0,231.0,-231.0
169,1.0,0.1,0.0,0.0,0.5,0.0,69.0,239.0,-239.0
170,1.0,0.1,0.0,0.0,0.5,0.0,70.0,185.0,-185.0
171,1.0,0.1,0.0,0.0,0.5,0.0,71.0,228.0,-228.0
172,1.0,0.1,0.0,0.0,0.5,0.0,72.0,251.0,-251.0
173,1.0,0.1,0.0,0.0,0.5,0.0,73.0,237.0,-237.0
174,1.0,0.1,0.0,0.0,0.5,0.0,74.0,274.0,-274.0
175,1.0,0.1,0.0,0.0,0.5,0.0,75.0,210.0,-210.0
176,1.0,0.1,0.0,0.0,0.5,0.0,76.0,201.0,-201.0
177,1.0,0.1,0.0,0.0,0.5,0.0,77.0,335.0,-335.0
178,1.0,0.1,0.0,0.0,0.5,0.0,78.0,219.0,-219.0
179,1.0,0.1,0.0,0.0,0.5,0.0,79.0,235.0,-235.0
180,1.0,0.1,0.0,0.0,0.5,0.0,80.0,228.0,-228.0
181,1.0,0.1,0.0,0.0,0.5,0.0,81.0,199.0,-199.0
182,1.0,0.1,0.0,0.0,0.5,0.0,82.0,165.0,-165.0
183,1.0,0.1,0.0,0.0,0.5,0.0,83.0,152.0,-152.0
184,1.0,0.1,0.0,0.0,0.5,0.0,84.0,247.0,-247.0
185,1.0,0.1,0.0,0.0,0.5,0.0,85.0,216.0,-216.0
186,1.0,0.1,0.0,0.0,0.5,0.0,86.0,190.0,-190.0
187,1.0,0.1,0.0,0.0,0.5,0.0,87.0,162.0,-162.0
188,1.0,0.1,0.0,0.0,0.5,0.0,88.0,315.0,-315.0
189,1.0,0.1,0.0,0.0,0.5,0.0,89.0,167.0,-167.0
190,1.0,0.1,0.0,0.0,0.5,0.0,90.0,242.0,-242.0
191,1.0,0.1,0.0,0.0,0.5,0.0,91.0,164.0,-164.0
192,1.0,0.1,0.0,0.0,0.5,0.0,92.0,233.0,-233.0
193,1.0,0.1,0.0,0.0,0.5,0.0,93.0,237.0,-237.0
194,1.0,0.1,0.0,0.0,0.5,0.0,94.0,188.0,-188.0
195,1.0,0.1,0.0,0.0,0.5,0.0,95.0,271.0,-271.0
196,1.0,0.1,0.0,0.0,0.5,0.0,96.0,241.0,-241.0
197,1.0,0.1,0.0,0.0,0.5,0.0,97.0,238.0,-238.0
198,1.0,0.1,0.0,0.0,0.5,0.0,98.0,219.0,-219.0
199,1.0,0.1,0.0,0.0,0.5,0.0,99.0,190.0,-190.0
200,2.0,0.1,0.0,0.0,1.0,0.0,0.0,2451.0,-2451.0
201,2.0,0.1,0.0,0.0,1.0,0.0,1.0,2950.0,-2950.0
202,2.0,0.1,0.0,0.0,1.0,0.0,2.0,1500.0,-1500.0
203,2.0,0.1,0.0,0.0,1.0,0.0,3.0,1380.0,-1380.0
204,2.0,0.1,0.0,0.0,1.0,0.0,4.0,892.0,-892.0
205,2.0,0.1,0.0,0.0,1.0,0.0,5.0,878.0,-878.0
206,2.0,0.1,0.0,0.0,1.0,0.0,6.0,970.0,-970.0
207,2.0,0.1,0.0,0.0,1.0,0.0,7.0,760.0,-760.0
208,2.0,0.1,0.0,0.0,1.0,0.0,8.0,919.0,-919.0
209,2.0,0.1,0.0,0.0,1.0,0.0,9.0,490.0,-490.0
210,2.0,0.1,0.0,0.0,1.0,0.0,10.0,672.0,-672.0
211,2.0,0.1,0.0,0.0,1.0,0.0,11.0,434.0,-434.0
212,2.0,0.1,0.0,0.0,1.0,0.0,12.0,558.0,-558.0
213,2.0,0.1,0.0,0.0,1.0,0.0,13.0,660.0,-660.0
214,2.0,0.1,0.0,0.0,1.0,0.0,14.0,443.0,-443.0
215,2.0,0.1,0.0,0.0,1.0,0.0,15.0,410.0,-410.0
216,2.0,0.1,0.0,0.0,1.0,0.0,16.0,508.0,-508.0
217,2.0,0.1,0.0,0.0,1.0,0.0,17.0,358.0,-358.0
218,2.0,0.1,0.0,0.0,1.0,0.0,18.0,536.0,-536.0
219,2.0,0.1,0.0,0.0,1.0,0.0,19.0,497.0,-497.0
220,2.0,0.1,0.0,0.0,1.0,0.0,20.0,416.0,-416.0
221,2.0,0.1,0.0,0.0,1.0,0.0,21.0,348.0,-348.0
222,2.0,0.1,0.0,0.0,1.0,0.0,22.0,538.0,-538.0
223,2.0,0.1,0.0,0.0,1.0,0.0,23.0,378.0,-378.0
224,2.0,0.1,0.0,0.0,1.0,0.0,24.0,422.0,-422.0
225,2.0,0.1,0.0,0.0,1.0,0.0,25.0,334.0,-334.0
226,2.0,0.1,0.0,0.0,1.0,0.0,26.0,282.0,-282.0
227,2.0,0.1,0.0,0.0,1.0,0.0,27.0,335.0,-335.0
228,2.0,0.1,0.0,0.0,1.0,0.0,28.0,416.0,-416.0
229,2.0,0.1,0.0,0.0,1.0,0.0,29.0,336.0,-336.0
230,2.0,0.1,0.0,0.0,1.0,0.0,30.0,335.0,-335.0
231,2.0,0.1,0.0,0.0,1.0,0.0,31.0,346.0,-346.0
232,2.0,0.1,0.0,0.0,1.0,0.0,32.0,350.0,-350.0
233,2.0,0.1,0.0,0.0,1.0,0.0,33.0,319.0,-319.0
234,2.0,0.1,0.0,0.0,1.0,0.0,34.0,300.0,-300.0
235,2.0,0.1,0.0,0.0,1.0,0.0,35.0,274.0,-274.0
236,2.0,0.1,0.0,0.0,1.0,0.0,36.0,336.0,-336.0
237,2.0,0.1,0.0,0.0,1.0,0.0,37.0,267.0,-267.0
238,2.0,0.1,0.0,0.0,1.0,0.0,38.0,332.0,-332.0
239,2.0,0.1,0.0,0.0,1.0,0.0,39.0,276.0,-276.0
240,2.0,0.1,0.0,0.0,1.0,0.0,40.0,362.0,-362.0
241,2.0,0.1,0.0,0.0,1.0,0.0,41.0,338.0,-338.0
242,2.0,0.1,0.0,0.0,1.0,0.0,42.0,394.0,-394.0
243,2.0,0.1,0.0,0.0,1.0,0.0,43.0,203.0,-203.0
244,2.0,0.1,0.0,0.0,1.0,0.0,44.0,239.0,-239.0
245,2.0,0.1,0.0,0.0,1.0,0.0,45.0,352.0,-352.0
246,2.0,0.1,0.0,0.0,1.0,0.0,46.0,165.0,-165.0
247,2.0,0.1,0.0,0.0,1.0,0.0,47.0,318.0,-318.0
248,2.0,0.1,0.0,0.0,1.0,0.0,48.0,224.0,-224.0
249,2.0,0.1,0.0,0.0,1.0,0.0,49.0,323.0,-323.0
250,2.0,0.1,0.0,0.0,1.0,0.0,50.0,381.0,-381.0
251,2.0,0.1,0.0,0.0,1.0,0.0,51.0,240.0,-240.0
252,2.0,0.1,0.0,0.0,1.0,0.0,52.0,419.0,-419.0
253,2.0,0.1,0.0,0.0,1.0,0.0,53.0,259.0,-259.0
254,2.0,0.1,0.0,0.0,1.0,0.0,54.0,355.0,-355.0
255,2.0,0.1,0.0,0.0,1.0,0.0,55.0,193.0,-193.0
256,2.0,0.1,0.0,0.0,1.0,0.0,56.0,233.0,-233.0
257,2.0,0.1,0.0,0.0,1.0,0.0,57.0,274.0,-274.0
258,2.0,0.1,0.0,0.0,1.0,0.0,58.0,386.0,-386.0
259,2.0,0.1,0.0,0.0,1.0,0.0,59.0,238.0,-238.0
260,2.0,0.1,0.0,0.0,1.0,0.0,60.0,242.0,-242.0
261,2.0,0.1,0.0,0.0,1.0,0.0,61.0,279.0,-279.0
262,2.0,0.1,0.0,0.0,1.0,0.0,62.0,249.0,-249.0
263,2.0,0.1,0.0,0.0,1.0,0.0,63.0,234.0,-234.0
264,2.0,0.1,0.0,0.0,1.0,0.0,64.0,242.0,-242.0
265,2.0,0.1,0.0,0.0,1.0,0.0,65.0,232.0,-232.0
266,2.0,0.1,0.0,0.0,1.0,0.0,66.0,194.0,-194.0
267,2.0,0.1,0.0,0.0,1.0,0.0,67.0,284.0,-284.0
268,2.0,0.1,0.0,0.0,1.0,0.0,68.0,246.0,-246.0
269,2.0,0.1,0.0,0.0,1.0,0.0,69.0,246.0,-246.0
270,2.0,0.1,0.0,0.0,1.0,0.0,70.0,251.0,-251.0
271,2.0,0.1,0.0,0.0,1.0,0.0,71.0,236.0,-236.0
272,2.0,0.1,0.0,0.0,1.0,0.0,72.0,315.0,-315.0
273,2.0,0.1,0.0,0.0,1.0,0.0,73.0,226.0,-226.0
274,2.0,0.1,0.0,0.0,1.0,0.0,74.0,265.0,-265.0
275,2.0,0.1,0.0,0.0,1.0,0.0,75.0,199.0,-199.0
276,2.0,0.1,0.0,0.0,1.0,0.0,76.0,287.0,-287.0
277,2.0,0.1,0.0,0.0,1.0,0.0,77.0,245.0,-245.0
278,2.0,0.1,0.0,0.0,1.0,0.0,78.0,280.0,-280.0
279,2.0,0.1,0.0,0.0,1.0,0.0,79.0,238.0,-238.0
280,2.0,0.1,0.0,0.0,1.0,0.0,80.0,161.0,-161.0
281,2.0,0.1,0.0,0.0,1.0,0.0,81.0,276.0,-276.0
282,2.0,0.1,0.0,0.0,1.0,0.0,82.0,204.0,-204.0
283,2.0,0.1,0.0,0.0,1.0,0.0,83.0,246.0,-246.0
284,2.0,0.1,0.0,0.0,1.0,0.0,84.0,198.0,-198.0
285,2.0,0.1,0.0,0.0,1.0,0.0,85.0,182.0,-182.0
286,2.0,0.1,0.0,0.0,1.0,0.0,86.0,233.0,-233.0
287,2.0,0.1,0.0,0.0,1.0,0.0,87.0,199.0,-199.0
288,2.0,0.1,0.0,0.0,1.0,0.0,88.0,236.0,-236.0
289,2.0,0.1,0.0,0.0,1.0,0.0,89.0,233.0,-233.0
290,2.0,0.1,0.0,0.0,1.0,0.0,90.0,237.0,-237.0
291,2.0,0.1,0.0,0.0,1.0,0.0,91.0,202.0,-202.0
292,2.0,0.1,0.0,0.0,1.0,0.0,92.0,235.0,-235.0
293,2.0,0.1,0.0,0.0,1.0,0.0,93.0,226.0,-226.0
294,2.0,0.1,0.0,0.0,1.0,0.0,94.0,205.0,-205.0
295,2.0,0.1,0.0,0.0,1.0,0.0,95.0,196.0,-196.0
296,2.0,0.1,0.0,0.0,1.0,0.0,96.0,173.0,-173.0
297,2.0,0.1,0.0,0.0,1.0,0.0,97.0,253.0,-253.0
298,2.0,0.1,0.0,0.0,1.0,0.0,98.0,204.0,-204.0
299,2.0,0.1,0.0,0.0,1.0,0.0,99.0,192.0,-192.0
300,3.0,0.1,0.0,0.5,0.0,0.0,0.0,2757.0,-2757.0
301,3.0,0.1,0.0,0.5,0.0,0.0,1.0,3863.0,-3863.0
302,3.0,0.1,0.0,0.5,0.0,0.0,2.0,1327.0,-1327.0
303,3.0,0.1,0.0,0.5,0.0,0.0,3.0,688.0,-688.0
304,3.0,0.1,0.0,0.5,0.0,0.0,4.0,1104.0,-1104.0
305,3.0,0.1,0.0,0.5,0.0,0.0,5.0,542.0,-542.0
306,3.0,0.1,0.0,0.5,0.0,0.0,6.0,846.0,-846.0
307,3.0,0.1,0.0,0.5,0.0,0.0,7.0,390.0,-390.0
308,3.0,0.1,0.0,0.5,0.0,0.0,8.0,694.0,-694.0
309,3.0,0.1,0.0,0.5,0.0,0.0,9.0,602.0,-602.0
310,3.0,0.1,0.0,0.5,0.0,0.0,10.0,386.0,-386.0
311,3.0,0.1,0.0,0.5,0.0,0.0,11.0,593.0,-593.0
312,3.0,0.1,0.0,0.5,0.0,0.0,12.0,521.0,-521.0
313,3.0,0.1,0.0,0.5,0.0,0.0,13.0,419.0,-419.0
314,3.0,0.1,0.0,0.5,0.0,0.0,14.0,403.0,-403.0
315,3.0,0.1,0.0,0.5,0.0,0.0,15.0,324.0,-324.0
316,3.0,0.1,0.0,0.5,0.0,0.0,16.0,393.0,-393.0
317,3.0,0.1,0.0,0.5,0.0,0.0,17.0,420.0,-420.0
318,3.0,0.1,0.0,0.5,0.0,0.0,18.0,244.0,-244.0
319,3.0,0.1,0.0,0.5,0.0,0.0,19.0,557.0,-557.0
320,3.0,0.1,0.0,0.5,0.0,0.0,20.0,375.0,-375.0
321,3.0,0.1,0.0,0.5,0.0,0.0,21.0,269.0,-269.0
322,3.0,0.1,0.0,0.5,0.0,0.0,22.0,282.0,-282.0
323,3.0,0.1,0.0,0.5,0.0,0.0,23.0,357.0,-357.0
324,3.0,0.1,0.0,0.5,0.0,0.0,24.0,320.0,-320.0
325,3.0,0.1,0.0,0.5,0.0,0.0,25.0,241.0,-241.0
326,3.0,0.1,0.0,0.5,0.0,0.0,26.0,438.0,-438.0
327,3.0,0.1,0.0,0.5,0.0,0.0,27.0,231.0,-231.0
328,3.0,0.1,0.0,0.5,0.0,0.0,28.0,332.0,-332.0
329,3.0,0.1,0.0,0.5,0.0,0.0,29.0,232.0,-232.0
330,3.0,0.1,0.0,0.5,0.0,0.0,30.0,316.0,-316.0
331,3.0,0.1,0.0,0.5,0.0,0.0,31.0,364.0,-364.0
332,3.0,0.1,0.0,0.5,0.0,0.0,32.0,356.0,-356.0
333,3.0,0.1,0.0,0.5,0.0,0.0,33.0,275.0,-275.0
334,3.0,0.1,0.0,0.5,0.0,0.0,34.0,326.0,-326.0
335,3.0,0.1,0.0,0.5,0.0,0.0,35.0,237.0,-237.0
336,3.0,0.1,0.0,0.5,0.0,0.0,36.0,238.0,-238.0
337,3.0,0.1,0.0,0.5,0.0,0.0,37.0,302.0,-302.0
338,3.0,0.1,0.0,0.5,0.0,0.0,38.0,331.0,-331.0
339,3.0,0.1,0.0,0.5,0.0,0.0,39.0,251.0,-251.0
340,3.0,0.1,0.0,0.5,0.0,0.0,40.0,236.0,-236.0
341,3.0,0.1,0.0,0.5,0.0,0.0,41.0,204.0,-204.0
342,3.0,0.1,0.0,0.5,0.0,0.0,42.0,233.0,-233.0
343,3.0,0.1,0.0,0.5,0.0,0.0,43.0,245.0,-245.0
344,3.0,0.1,0.0,0.5,0.0,0.0,44.0,242.0,-242.0
345,3.0,0.1,0.0,0.5,0.0,0.0,45.0,241.0,-241.0
346,3.0,0.1,0.0,0.5,0.0,0.0,46.0,234.0,-234.0
347,3.0,0.1,0.0,0.5,0.0,0.0,47.0,271.0,-271.0
348,3.0,0.1,0.0,0.5,0.0,0.0,48.0,234.0,-234.0
349,3.0,0.1,0.0,0.5,0.0,0.0,49.0,281.0,-281.0
350,3.0,0.1,0.0,0.5,0.0,0.0,50.0,237.0,-237.0
351,3.0,0.1,0.0,0.5,0.0,0.0,51.0,238.0,-238.0
352,3.0,0.1,0.0,0.5,0.0,0.0,52.0,241.0,-241.0
353,3.0,0.1,0.0,0.5,0.0,0.0,53.0,240.0,-240.0
354,3.0,0.1,0.0,0.5,0.0,0.0,54.0,185.0,-185.0
355,3.0,0.1,0.0,0.5,0.0,0.0,55.0,267.0,-267.0
356,3.0,0.1,0.0,0.5,0.0,0.0,56.0,195.0,-195.0
357,3.0,0.1,0.0,0.5,0.0,0.0,57.0,171.0,-171.0
358,3.0,0.1,0.0,0.5,0.0,0.0,58.0,228.0,-228.0
359,3.0,0.1,0.0,0.5,0.0,0.0,59.0,188.0,-188.0
360,3.0,0.1,0.0,0.5,0.0,0.0,60.0,167.0,-167.0
361,3.0,0.1,0.0,0.5,0.0,0.0,61.0,201.0,-201.0
362,3.0,0.1,0.0,0.5,0.0,0.0,62.0,161.0,-161.0
363,3.0,0.1,0.0,0.5,0.0,0.0,63.0,249.0,-249.0
364,3.0,0.1,0.0,0.5,0.0,0.0,64.0,221.0,-221.0
365,3.0,0.1,0.0,0.5,0.0,0.0,65.0,239.0,-239.0
366,3.0,0.1,0.0,0.5,0.0,0.0,66.0,150.0,-150.0
367,3.0,0.1,0.0,0.5,0.0,0.0,67.0,215.0,-215.0
368,3.0,0.1,0.0,0.5,0.0,0.0,68.0,242.0,-242.0
369,3.0,0.1,0.0,0.5,0.0,0.0,69.0,230.0,-230.0
370,3.0,0.1,0.0,0.5,0.0,0.0,70.0,159.0,-159.0
371,3.0,0.1,0.0,0.5,0.0,0.0,71.0,198.0,-198.0
372,3.0,0.1,0.0,0.5,0.0,0.0,72.0,231.0,-231.0
373,3.0,0.1,0.0,0.5,0.0,0.0,73.0,208.0,-208.0
374,3.0,0.1,0.0,0.5,0.0,0.0,74.0,239.0,-239.0
375,3.0,0.1,0.0,0.5,0.0,0.0,75.0,191.0,-191.0
376,3.0,0.1,0.0,0.5,0.0,0.0,76.0,157.0,-157.0
377,3.0,0.1,0.0,0.5,0.0,0.0,77.0,161.0,-161.0
378,3.0,0.1,0.0,0.5,0.0,0.0,78.0,227.0,-227.0
379,3.0,0.1,0.0,0.5,0.0,0.0,79.0,205.0,-205.0
380,3.0,0.1,0.0,0.5,0.0,0.0,80.0,238.0,-238.0
381,3.0,0.1,0.0,0.5,0.0,0.0,81.0,236.0,-236.0
382,3.0,0.1,0.0,0.5,0.0,0.0,82.0,183.0,-183.0
383,3.0,0.1,0.0,0.5,0.0,0.0,83.0,150.0,-150.0
384,3.0,0.1,0.0,0.5,0.0,0.0,84.0,236.0,-236.0
385,3.0,0.1,0.0,0.5,0.0,0.0,85.0,246.0,-246.0
386,3.0,0.1,0.0,0.5,0.0,0.0,86.0,166.0,-166.0
387,3.0,0.1,0.0,0.5,0.0,0.0,87.0,150.0,-150.0
388,3.0,0.1,0.0,0.5,0.0,0.0,88.0,198.0,-198.0
389,3.0,0.1,0.0,0.5,0.0,0.0,89.0,230.0,-230.0
390,3.0,0.1,0.0,0.5,0.0,0.0,90.0,192.0,-192.0
391,3.0,0.1,0.0,0.5,0.0,0.0,91.0,190.0,-190.0
392,3.0,0.1,0.0,0.5,0.0,0.0,92.0,163.0,-163.0
393,3.0,0.1,0.0,0.5,0.0,0.0,93.0,216.0,-216.0
394,3.0,0.1,0.0,0.5,0.0,0.0,94.0,159.0,-159.0
395,3.0,0.1,0.0,0.5,0.0,0.0,95.0,154.0,-154.0
396,3.0,0.1,0.0,0.5,0.0,0.0,96.0,179.0,-179.0
397,3.0,0.1,0.0,0.5,0.0,0.0,97.0,164.0,-164.0
398,3.0,0.1,0.0,0.5,0.0,0.0,98.0,158.0,-158.0
399,3.0,0.1,0.0,0.5,0.0,0.0,99.0,150.0,-150.0
400,4.0,0.1,0.0,0.5,0.5,0.0,0.0,2829.0,-2829.0
401,4.0,0.1,0.0,0.5,0.5,0.0,1.0,2949.0,-2949.0
402,4.0,0.1,0.0,0.5,0.5,0.0,2.0,1775.0,-1775.0
403,4.0,0.1,0.0,0.5,0.5,0.0,3.0,869.0,-869.0
404,4.0,0.1,0.0,0.5,0.5,0.0,4.0,1252.0,-1252.0
405,4.0,0.1,0.0,0.5,0.5,0.0,5.0,657.0,-657.0
406,4.0,0.1,0.0,0.5,0.5,0.0,6.0,816.0,-816.0
407,4.0,0.1,0.0,0.5,0.5,0.0,7.0,629.0,-629.0
408,4.0,0.1,0.0,0.5,0.5,0.0,8.0,494.0,-494.0
409,4.0,0.1,0.0,0.5,0.5,0.0,9.0,576.0,-576.0
410,4.0,0.1,0.0,0.5,0.5,0.0,10.0,491.0,-491.0
411,4.0,0.1,0.0,0.5,0.5,0.0,11.0,548.0,-548.0
412,4.0,0.1,0.0,0.5,0.5,0.0,12.0,433.0,-433.0
413,4.0,0.1,0.0,0.5,0.5,0.0,13.0,446.0,-446.0
414,4.0,0.1,0.0,0.5,0.5,0.0,14.0,585.0,-585.0
415,4.0,0.1,0.0,0.5,0.5,0.0,15.0,364.0,-364.0
416,4.0,0.1,0.0,0.5,0.5,0.0,16.0,493.0,-493.0
417,4.0,0.1,0.0,0.5,0.5,0.0,17.0,254.0,-254.0
418,4.0,0.1,0.0,0.5,0.5,0.0,18.0,365.0,-365.0
419,4.0,0.1,0.0,0.5,0.5,0.0,19.0,416.0,-416.0
420,4.0,0.1,0.0,0.5,0.5,0.0,20.0,309.0,-309.0
421,4.0,0.1,0.0,0.5,0.5,0.0,21.0,427.0,-427.0
422,4.0,0.1,0.0,0.5,0.5,0.0,22.0,185.0,-185.0
423,4.0,0.1,0.0,0.5,0.5,0.0,23.0,485.0,-485.0
424,4.0,0.1,0.0,0.5,0.5,0.0,24.0,235.0,-235.0
425,4.0,0.1,0.0,0.5,0.5,0.0,25.0,240.0,-240.0
426,4.0,0.1,0.0,0.5,0.5,0.0,26.0,455.0,-455.0
427,4.0,0.1,0.0,0.5,0.5,0.0,27.0,228.0,-228.0
428,4.0,0.1,0.0,0.5,0.5,0.0,28.0,277.0,-277.0
429,4.0,0.1,0.0,0.5,0.5,0.0,29.0,265.0,-265.0
430,4.0,0.1,0.0,0.5,0.5,0.0,30.0,327.0,-327.0
431,4.0,0.1,0.0,0.5,0.5,0.0,31.0,249.0,-249.0
432,4.0,0.1,0.0,0.5,0.5,0.0,32.0,307.0,-307.0
433,4.0,0.1,0.0,0.5,0.5,0.0,33.0,294.0,-294.0
434,4.0,0.1,0.0,0.5,0.5,0.0,34.0,373.0,-373.0
435,4.0,0.1,0.0,0.5,0.5,0.0,35.0,285.0,-285.0
436,4.0,0.1,0.0,0.5,0.5,0.0,36.0,311.0,-311.0
437,4.0,0.1,0.0,0.5,0.5,0.0,37.0,243.0,-243.0
438,4.0,0.1,0.0,0.5,0.5,0.0,38.0,196.0,-196.0
439,4.0,0.1,0.0,0.5,0.5,0.0,39.0,323.0,-323.0
440,4.0,0.1,0.0,0.5,0.5,0.0,40.0,201.0,-201.0
441,4.0,0.1,0.0,0.5,0.5,0.0,41.0,233.0,-233.0
442,4.0,0.1,0.0,0.5,0.5,0.0,42.0,319.0,-319.0
443,4.0,0.1,0.0,0.5,0.5,0.0,43.0,196.0,-196.0
444,4.0,0.1,0.0,0.5,0.5,0.0,44.0,189.0,-189.0
445,4.0,0.1,0.0,0.5,0.5,0.0,45.0,286.0,-286.0
446,4.0,0.1,0.0,0.5,0.5,0.0,46.0,161.0,-161.0
447,4.0,0.1,0.0,0.5,0.5,0.0,47.0,198.0,-198.0
448,4.0,0.1,0.0,0.5,0.5,0.0,48.0,246.0,-246.0
449,4.0,0.1,0.0,0.5,0.5,0.0,49.0,241.0,-241.0
450,4.0,0.1,0.0,0.5,0.5,0.0,50.0,208.0,-208.0
451,4.0,0.1,0.0,0.5,0.5,0.0,51.0,191.0,-191.0
452,4.0,0.1,0.0,0.5,0.5,0.0,52.0,196.0,-196.0
453,4.0,0.1,0.0,0.5,0.5,0.0,53.0,234.0,-234.0
454,4.0,0.1,0.0,0.5,0.5,0.0,54.0,148.0,-148.0
455,4.0,0.1,0.0,0.5,0.5,0.0,55.0,235.0,-235.0
456,4.0,0.1,0.0,0.5,0.5,0.0,56.0,159.0,-159.0
457,4.0,0.1,0.0,0.5,0.5,0.0,57.0,240.0,-240.0
458,4.0,0.1,0.0,0.5,0.5,0.0,58.0,211.0,-211.0
459,4.0,0.1,0.0,0.5,0.5,0.0,59.0,177.0,-177.0
460,4.0,0.1,0.0,0.5,0.5,0.0,60.0,166.0,-166.0
461,4.0,0.1,0.0,0.5,0.5,0.0,61.0,317.0,-317.0
462,4.0,0.1,0.0,0.5,0.5,0.0,62.0,238.0,-238.0
463,4.0,0.1,0.0,0.5,0.5,0.0,63.0,244.0,-244.0
464,4.0,0.1,0.0,0.5,0.5,0.0,64.0,156.0,-156.0
465,4.0,0.1,0.0,0.5,0.5,0.0,65.0,281.0,-281.0
466,4.0,0.1,0.0,0.5,0.5,0.0,66.0,153.0,-153.0
467,4.0,0.1,0.0,0.5,0.5,0.0,67.0,160.0,-160.0
468,4.0,0.1,0.0,0.5,0.5,0.0,68.0,230.0,-230.0
469,4.0,0.1,0.0,0.5,0.5,0.0,69.0,201.0,-201.0
470,4.0,0.1,0.0,0.5,0.5,0.0,70.0,155.0,-155.0
471,4.0,0.1,0.0,0.5,0.5,0.0,71.0,233.0,-233.0
472,4.0,0.1,0.0,0.5,0.5,0.0,72.0,226.0,-226.0
473,4.0,0.1,0.0,0.5,0.5,0.0,73.0,157.0,-157.0
474,4.0,0.1,0.0,0.5,0.5,0.0,74.0,199.0,-199.0
475,4.0,0.1,0.0,0.5,0.5,0.0,75.0,230.0,-230.0
476,4.0,0.1,0.0,0.5,0.5,0.0,76.0,198.0,-198.0
477,4.0,0.1,0.0,0.5,0.5,0.0,77.0,278.0,-278.0
478,4.0,0.1,0.0,0.5,0.5,0.0,78.0,151.0,-151.0
479,4.0,0.1,0.0,0.5,0.5,0.0,79.0,171.0,-171.0
480,4.0,0.1,0.0,0.5,0.5,0.0,80.0,151.0,-151.0
481,4.0,0.1,0.0,0.5,0.5,0.0,81.0,233.0,-233.0
482,4.0,0.1,0.0,0.5,0.5,0.0,82.0,188.0,-188.0
483,4.0,0.1,0.0,0.5,0.5,0.0,83.0,225.0,-225.0
484,4.0,0.1,0.0,0.5,0.5,0.0,84.0,157.0,-157.0
485,4.0,0.1,0.0,0.5,0.5,0.0,85.0,191.0,-191.0
486,4.0,0.1,0.0,0.5,0.5,0.0,86.0,188.0,-188.0
487,4.0,0.1,0.0,0.5,0.5,0.0,87.0,157.0,-157.0
488,4.0,0.1,0.0,0.5,0.5,0.0,88.0,213.0,-213.0
489,4.0,0.1,0.0,0.5,0.5,0.0,89.0,168.0,-168.0
490,4.0,0.1,0.0,0.5,0.5,0.0,90.0,155.0,-155.0
491,4.0,0.1,0.0,0.5,0.5,0.0,91.0,158.0,-158.0
492,4.0,0.1,0.0,0.5,0.5,0.0,92.0,149.0,-149.0
493,4.0,0.1,0.0,0.5,0.5,0.0,93.0,223.0,-223.0
494,4.0,0.1,0.0,0.5,0.5,0.0,94.0,202.0,-202.0
495,4.0,0.1,0.0,0.5,0.5,0.0,95.0,162.0,-162.0
496,4.0,0.1,0.0,0.5,0.5,0.0,96.0,146.0,-146.0
497,4.0,0.1,0.0,0.5,0.5,0.0,97.0,208.0,-208.0
498,4.0,0.1,0.0,0.5,0.5,0.0,98.0,167.0,-167.0
499,4.0,0.1,0.0,0.5,0.5,0.0,99.0,157.0,-157.0
500,5.0,0.1,0.0,0.5,1.0,0.0,0.0,3186.0,-3186.0
501,5.0,0.1,0.0,0.5,1.0,0.0,1.0,2085.0,-2085.0
502,5.0,0.1,0.0,0.5,1.0,0.0,2.0,972.0,-972.0
503,5.0,0.1,0.0,0.5,1.0,0.0,3.0,1149.0,-1149.0
504,5.0,0.1,0.0,0.5,1.0,0.0,4.0,925.0,-925.0
505,5.0,0.1,0.0,0.5,1.0,0.0,5.0,774.0,-774.0
506,5.0,0.1,0.0,0.5,1.0,0.0,6.0,751.0,-751.0
507,5.0,0.1,0.0,0.5,1.0,0.0,7.0,608.0,-608.0
508,5.0,0.1,0.0,0.5,1.0,0.0,8.0,493.0,-493.0
509,5.0,0.1,0.0,0.5,1.0,0.0,9.0,817.0,-817.0
510,5.0,0.1,0.0,0.5,1.0,0.0,10.0,489.0,-489.0
511,5.0,0.1,0.0,0.5,1.0,0.0,11.0,527.0,-527.0
512,5.0,0.1,0.0,0.5,1.0,0.0,12.0,668.0,-668.0
513,5.0,0.1,0.0,0.5,1.0,0.0,13.0,411.0,-411.0
514,5.0,0.1,0.0,0.5,1.0,0.0,14.0,493.0,-493.0
515,5.0,0.1,0.0,0.5,1.0,0.0,15.0,333.0,-333.0
516,5.0,0.1,0.0,0.5,1.0,0.0,16.0,489.0,-489.0
517,5.0,0.1,0.0,0.5,1.0,0.0,17.0,329.0,-329.0
518,5.0,0.1,0.0,0.5,1.0,0.0,18.0,407.0,-407.0
519,5.0,0.1,0.0,0.5,1.0,0.0,19.0,323.0,-323.0
520,5.0,0.1,0.0,0.5,1.0,0.0,20.0,389.0,-389.0
521,5.0,0.1,0.0,0.5,1.0,0.0,21.0,465.0,-465.0
522,5.0,0.1,0.0,0.5,1.0,0.0,22.0,311.0,-311.0
523,5.0,0.1,0.0,0.5,1.0,0.0,23.0,510.0,-510.0
524,5.0,0.1,0.0,0.5,1.0,0.0,24.0,365.0,-365.0
525,5.0,0.1,0.0,0.5,1.0,0.0,25.0,319.0,-319.0
526,5.0,0.1,0.0,0.5,1.0,0.0,26.0,327.0,-327.0
527,5.0,0.1,0.0,0.5,1.0,0.0,27.0,408.0,-408.0
528,5.0,0.1,0.0,0.5,1.0,0.0,28.0,315.0,-315.0
529,5.0,0.1,0.0,0.5,1.0,0.0,29.0,252.0,-252.0
530,5.0,0.1,0.0,0.5,1.0,0.0,30.0,319.0,-319.0
531,5.0,0.1,0.0,0.5,1.0,0.0,31.0,256.0,-256.0
532,5.0,0.1,0.0,0.5,1.0,0.0,32.0,401.0,-401.0
533,5.0,0.1,0.0,0.5,1.0,0.0,33.0,249.0,-249.0
534,5.0,0.1,0.0,0.5,1.0,0.0,34.0,311.0,-311.0
535,5.0,0.1,0.0,0.5,1.0,0.0,35.0,351.0,-351.0
536,5.0,0.1,0.0,0.5,1.0,0.0,36.0,224.0,-224.0
537,5.0,0.1,0.0,0.5,1.0,0.0,37.0,363.0,-363.0
538,5.0,0.1,0.0,0.5,1.0,0.0,38.0,270.0,-270.0
539,5.0,0.1,0.0,0.5,1.0,0.0,39.0,256.0,-256.0
540,5.0,0.1,0.0,0.5,1.0,0.0,40.0,238.0,-238.0
541,5.0,0.1,0.0,0.5,1.0,0.0,41.0,238.0,-238.0
542,5.0,0.1,0.0,0.5,1.0,0.0,42.0,171.0,-171.0
543,5.0,0.1,0.0,0.5,1.0,0.0,43.0,329.0,-329.0
544,5.0,0.1,0.0,0.5,1.0,0.0,44.0,331.0,-331.0
545,5.0,0.1,0.0,0.5,1.0,0.0,45.0,149.0,-149.0
546,5.0,0.1,0.0,0.5,1.0,0.0,46.0,270.0,-270.0
547,5.0,0.1,0.0,0.5,1.0,0.0,47.0,230.0,-230.0
548,5.0,0.1,0.0,0.5,1.0,0.0,48.0,204.0,-204.0
549,5.0,0.1,0.0,0.5,1.0,0.0,49.0,193.0,-193.0
550,5.0,0.1,0.0,0.5,1.0,0.0,50.0,238.0,-238.0
551,5.0,0.1,0.0,0.5,1.0,0.0,51.0,280.0,-280.0
552,5.0,0.1,0.0,0.5,1.0,0.0,52.0,220.0,-220.0
553,5.0,0.1,0.0,0.5,1.0,0.0,53.0,211.0,-211.0
554,5.0,0.1,0.0,0.5,1.0,0.0,54.0,158.0,-158.0
555,5.0,0.1,0.0,0.5,1.0,0.0,55.0,192.0,-192.0
556,5.0,0.1,0.0,0.5,1.0,0.0,56.0,210.0,-210.0
557,5.0,0.1,0.0,0.5,1.0,0.0,57.0,158.0,-158.0
558,5.0,0.1,0.0,0.5,1.0,0.0,58.0,232.0,-232.0
559,5.0,0.1,0.0,0.5,1.0,0.0,59.0,208.0,-208.0
560,5.0,0.1,0.0,0.5,1.0,0.0,60.0,195.0,-195.0
561,5.0,0.1,0.0,0.5,1.0,0.0,61.0,164.0,-164.0
562,5.0,0.1,0.0,0.5,1.0,0.0,62.0,187.0,-187.0
563,5.0,0.1,0.0,0.5,1.0,0.0,63.0,153.0,-153.0
564,5.0,0.1,0.0,0.5,1.0,0.0,64.0,236.0,-236.0
565,5.0,0.1,0.0,0.5,1.0,0.0,65.0,161.0,-161.0
566,5.0,0.1,0.0,0.5,1.0,0.0,66.0,175.0,-175.0
567,5.0,0.1,0.0,0.5,1.0,0.0,67.0,227.0,-227.0
568,5.0,0.1,0.0,0.5,1.0,0.0,68.0,277.0,-277.0
569,5.0,0.1,0.0,0.5,1.0,0.0,69.0,188.0,-188.0
570,5.0,0.1,0.0,0.5,1.0,0.0,70.0,161.0,-161.0
571,5.0,0.1,0.0,0.5,1.0,0.0,71.0,155.0,-155.0
572,5.0,0.1,0.0,0.5,1.0,0.0,72.0,245.0,-245.0
573,5.0,0.1,0.0,0.5,1.0,0.0,73.0,168.0,-168.0
574,5.0,0.1,0.0,0.5,1.0,0.0,74.0,152.0,-152.0
575,5.0,0.1,0.0,0.5,1.0,0.0,75.0,158.0,-158.0
576,5.0,0.1,0.0,0.5,1.0,0.0,76.0,156.0,-156.0
577,5.0,0.1,0.0,0.5,1.0,0.0,77.0,159.0,-159.0
578,5.0,0.1,0.0,0.5,1.0,0.0,78.0,220.0,-220.0
579,5.0,0.1,0.0,0.5,1.0,0.0,79.0,165.0,-165.0
580,5.0,0.1,0.0,0.5,1.0,0.0,80.0,231.0,-231.0
581,5.0,0.1,0.0,0.5,1.0,0.0,81.0,184.0,-184.0
582,5.0,0.1,0.0,0.5,1.0,0.0,82.0,191.0,-191.0
583,5.0,0.1,0.0,0.5,1.0,0.0,83.0,210.0,-210.0
584,5.0,0.1,0.0,0.5,1.0,0.0,84.0,194.0,-194.0
585,5.0,0.1,0.0,0.5,1.0,0.0,85.0,148.0,-148.0
586,5.0,0.1,0.0,0.5,1.0,0.0,86.0,156.0,-156.0
587,5.0,0.1,0.0,0.5,1.0,0.0,87.0,153.0,-153.0
588,5.0,0.1,0.0,0.5,1.0,0.0,88.0,216.0,-216.0
589,5.0,0.1,0.0,0.5,1.0,0.0,89.0,175.0,-175.0
590,5.0,0.1,0.0,0.5,1.0,0.0,90.0,225.0,-225.0
591,5.0,0.1,0.0,0.5,1.0,0.0,91.0,182.0,-182.0
592,5.0,0.1,0.0,0.5,1.0,0.0,92.0,221.0,-221.0
593,5.0,0.1,0.0,0.5,1.0,0.0,93.0,158.0,-158.0
594,5.0,0.1,0.0,0.5,1.0,0.0,94.0,192.0,-192.0
595,5.0,0.1,0.0,0.5,1.0,0.0,95.0,153.0,-153.0
596,5.0,0.1,0.0,0.5,1.0,0.0,96.0,153.0,-153.0
597,5.0,0.1,0.0,0.5,1.0,0.0,97.0,149.0,-149.0
598,5.0,0.1,0.0,0.5,1.0,0.0,98.0,151.0,-151.0
599,5.0,0.1,0.0,0.5,1.0,0.0,99.0,196.0,-196.0
600,6.0,0.1,0.0,0.9,0.0,0.0,0.0,1288.0,-1288.0
601,6.0,0.1,0.0,0.9,0.0,0.0,1.0,1838.0,-1838.0
602,6.0,0.1,0.0,0.9,0.0,0.0,2.0,1331.0,-1331.0
603,6.0,0.1,0.0,0.9,0.0,0.0,3.0,215.0,-215.0
604,6.0,0.1,0.0,0.9,0.0,0.0,4.0,906.0,-906.0
605,6.0,0.1,0.0,0.9,0.0,0.0,5.0,717.0,-717.0
606,6.0,0.1,0.0,0.9,0.0,0.0,6.0,1878.0,-1878.0
607,6.0,0.1,0.0,0.9,0.0,0.0,7.0,327.0,-327.0
608,6.0,0.1,0.0,0.9,0.0,0.0,8.0,788.0,-788.0
609,6.0,0.1,0.0,0.9,0.0,0.0,9.0,394.0,-394.0
610,6.0,0.1,0.0,0.9,0.0,0.0,10.0,344.0,-344.0
611,6.0,0.1,0.0,0.9,0.0,0.0,11.0,510.0,-510.0
612,6.0,0.1,0.0,0.9,0.0,0.0,12.0,233.0,-233.0
613,6.0,0.1,0.0,0.9,0.0,0.0,13.0,405.0,-405.0
614,6.0,0.1,0.0,0.9,0.0,0.0,14.0,231.0,-231.0
615,6.0,0.1,0.0,0.9,0.0,0.0,15.0,279.0,-279.0
616,6.0,0.1,0.0,0.9,0.0,0.0,16.0,254.0,-254.0
617,6.0,0.1,0.0,0.9,0.0,0.0,17.0,229.0,-229.0
618,6.0,0.1,0.0,0.9,0.0,0.0,18.0,474.0,-474.0
619,6.0,0.1,0.0,0.9,0.0,0.0,19.0,157.0,-157.0
620,6.0,0.1,0.0,0.9,0.0,0.0,20.0,149.0,-149.0
621,6.0,0.1,0.0,0.9,0.0,0.0,21.0,160.0,-160.0
622,6.0,0.1,0.0,0.9,0.0,0.0,22.0,179.0,-179.0
623,6.0,0.1,0.0,0.9,0.0,0.0,23.0,167.0,-167.0
624,6.0,0.1,0.0,0.9,0.0,0.0,24.0,141.0,-141.0
625,6.0,0.1,0.0,0.9,0.0,0.0,25.0,186.0,-186.0
626,6.0,0.1,0.0,0.9,0.0,0.0,26.0,198.0,-198.0
627,6.0,0.1,0.0,0.9,0.0,0.0,27.0,197.0,-197.0
628,6.0,0.1,0.0,0.9,0.0,0.0,28.0,247.0,-247.0
629,6.0,0.1,0.0,0.9,0.0,0.0,29.0,121.0,-121.0
630,6.0,0.1,0.0,0.9,0.0,0.0,30.0,110.0,-110.0
631,6.0,0.1,0.0,0.9,0.0,0.0,31.0,158.0,-158.0
632,6.0,0.1,0.0,0.9,0.0,0.0,32.0,110.0,-110.0
633,6.0,0.1,0.0,0.9,0.0,0.0,33.0,151.0,-151.0
634,6.0,0.1,0.0,0.9,0.0,0.0,34.0,146.0,-146.0
635,6.0,0.1,0.0,0.9,0.0,0.0,35.0,143.0,-143.0
636,6.0,0.1,0.0,0.9,0.0,0.0,36.0,157.0,-157.0
637,6.0,0.1,0.0,0.9,0.0,0.0,37.0,172.0,-172.0
638,6.0,0.1,0.0,0.9,0.0,0.0,38.0,109.0,-109.0
639,6.0,0.1,0.0,0.9,0.0,0.0,39.0,105.0,-105.0
640,6.0,0.1,0.0,0.9,0.0,0.0,40.0,143.0,-143.0
641,6.0,0.1,0.0,0.9,0.0,0.0,41.0,172.0,-172.0
642,6.0,0.1,0.0,0.9,0.0,0.0,42.0,115.0,-115.0
643,6.0,0.1,0.0,0.9,0.0,0.0,43.0,131.0,-131.0
644,6.0,0.1,0.0,0.9,0.0,0.0,44.0,143.0,-143.0
645,6.0,0.1,0.0,0.9,0.0,0.0,45.0,208.0,-208.0
646,6.0,0.1,0.0,0.9,0.0,0.0,46.0,147.0,-147.0
647,6.0,0.1,0.0,0.9,0.0,0.0,47.0,144.0,-144.0
648,6.0,0.1,0.0,0.9,0.0,0.0,48.0,152.0,-152.0
649,6.0,0.1,0.0,0.9,0.0,0.0,49.0,152.0,-152.0
650,6.0,0.1,0.0,0.9,0.0,0.0,50.0,150.0,-150.0
651,6.0,0.1,0.0,0.9,0.0,0.0,51.0,143.0,-143.0
652,6.0,0.1,0.0,0.9,0.0,0.0,52.0,150.0,-150.0
653,6.0,0.1,0.0,0.9,0.0,0.0,53.0,108.0,-108.0
654,6.0,0.1,0.0,0.9,0.0,0.0,54.0,139.0,-139.0
655,6.0,0.1,0.0,0.9,0.0,0.0,55.0,122.0,-122.0
656,6.0,0.1,0.0,0.9,0.0,0.0,56.0,172.0,-172.0
657,6.0,0.1,0.0,0.9,0.0,0.0,57.0,114.0,-114.0
658,6.0,0.1,0.0,0.9,0.0,0.0,58.0,108.0,-108.0
659,6.0,0.1,0.0,0.9,0.0,0.0,59.0,115.0,-115.0
660,6.0,0.1,0.0,0.9,0.0,0.0,60.0,110.0,-110.0
661,6.0,0.1,0.0,0.9,0.0,0.0,61.0,146.0,-146.0
662,6.0,0.1,0.0,0.9,0.0,0.0,62.0,108.0,-108.0
663,6.0,0.1,0.0,0.9,0.0,0.0,63.0,130.0,-130.0
664,6.0,0.1,0.0,0.9,0.0,0.0,64.0,110.0,-110.0
665,6.0,0.1,0.0,0.9,0.0,0.0,65.0,109.0,-109.0
666,6.0,0.1,0.0,0.9,0.0,0.0,66.0,111.0,-111.0
667,6.0,0.1,0.0,0.9,0.0,0.0,67.0,180.0,-180.0
668,6.0,0.1,0.0,0.9,0.0,0.0,68.0,114.0,-114.0
669,6.0,0.1,0.0,0.9,0.0,0.0,69.0,110.0,-110.0
670,6.0,0.1,0.0,0.9,0.0,0.0,70.0,108.0,-108.0
671,6.0,0.1,0.0,0.9,0.0,0.0,71.0,109.0,-109.0
672,6.0,0.1,0.0,0.9,0.0,0.0,72.0,156.0,-156.0
673,6.0,0.1,0.0,0.9,0.0,0.0,73.0,115.0,-115.0
674,6.0,0.1,0.0,0.9,0.0,0.0,74.0,115.0,-115.0
675,6.0,0.1,0.0,0.9,0.0,0.0,75.0,138.0,-138.0
676,6.0,0.1,0.0,0.9,0.0,0.0,76.0,110.0,-110.0
677,6.0,0.1,0.0,0.9,0.0,0.0,77.0,190.0,-190.0
678,6.0,0.1,0.0,0.9,0.0,0.0,78.0,157.0,-157.0
679,6.0,0.1,0.0,0.9,0.0,0.0,79.0,105.0,-105.0
680,6.0,0.1,0.0,0.9,0.0,0.0,80.0,163.0,-163.0
681,6.0,0.1,0.0,0.9,0.0,0.0,81.0,150.0,-150.0
682,6.0,0.1,0.0,0.9,0.0,0.0,82.0,182.0,-182.0
683,6.0,0.1,0.0,0.9,0.0,0.0,83.0,147.0,-147.0
684,6.0,0.1,0.0,0.9,0.0,0.0,84.0,143.0,-143.0
685,6.0,0.1,0.0,0.9,0.0,0.0,85.0,162.0,-162.0
686,6.0,0.1,0.0,0.9,0.0,0.0,86.0,145.0,-145.0
687,6.0,0.1,0.0,0.9,0.0,0.0,87.0,108.0,-108.0
688,6.0,0.1,0.0,0.9,0.0,0.0,88.0,108.0,-108.0
689,6.0,0.1,0.0,0.9,0.0,0.0,89.0,106.0,-106.0
690,6.0,0.1,0.0,0.9,0.0,0.0,90.0,147.0,-147.0
691,6.0,0.1,0.0,0.9,0.0,0.0,91.0,110.0,-110.0
692,6.0,0.1,0.0,0.9,0.0,0.0,92.0,108.0,-108.0
693,6.0,0.1,0.0,0.9,0.0,0.0,93.0,157.0,-157.0
694,6.0,0.1,0.0,0.9,0.0,0.0,94.0,110.0,-110.0
695,6.0,0.1,0.0,0.9,0.0,0.0,95.0,107.0,-107.0
696,6.0,0.1,0.0,0.9,0.0,0.0,96.0,171.0,-171.0
697,6.0,0.1,0.0,0.9,0.0,0.0,97.0,173.0,-173.0
698,6.0,0.1,0.0,0.9,0.0,0.0,98.0,108.0,-108.0
699,6.0,0.1,0.0,0.9,0.0,0.0,99.0,174.0,-174.0
700,7.0,0.1,0.0,0.9,0.5,0.0,0.0,1447.0,-1447.0
701,7.0,0.1,0.0,0.9,0.5,0.0,1.0,2117.0,-2117.0
702,7.0,0.1,0.0,0.9,0.5,0.0,2.0,923.0,-923.0
703,7.0,0.1,0.0,0.9,0.5,0.0,3.0,727.0,-727.0
704,7.0,0.1,0.0,0.9,0.5,0.0,4.0,866.0,-866.0
705,7.0,0.1,0.0,0.9,0.5,0.0,5.0,253.0,-253.0
706,7.0,0.1,0.0,0.9,0.5,0.0,6.0,1010.0,-1010.0
707,7.0,0.1,0.0,0.9,0.5,0.0,7.0,407.0,-407.0
708,7.0,0.1,0.0,0.9,0.5,0.0,8.0,576.0,-576.0
709,7.0,0.1,0.0,0.9,0.5,0.0,9.0,175.0,-175.0
710,7.0,0.1,0.0,0.9,0.5,0.0,10.0,623.0,-623.0
711,7.0,0.1,0.0,0.9,0.5,0.0,11.0,240.0,-240.0
712,7.0,0.1,0.0,0.9,0.5,0.0,12.0,392.0,-392.0
713,7.0,0.1,0.0,0.9,0.5,0.0,13.0,238.0,-238.0
714,7.0,0.1,0.0,0.9,0.5,0.0,14.0,464.0,-464.0
715,7.0,0.1,0.0,0.9,0.5,0.0,15.0,164.0,-164.0
716,7.0,0.1,0.0,0.9,0.5,0.0,16.0,145.0,-145.0
717,7.0,0.1,0.0,0.9,0.5,0.0,17.0,383.0,-383.0
718,7.0,0.1,0.0,0.9,0.5,0.0,18.0,158.0,-158.0
719,7.0,0.1,0.0,0.9,0.5,0.0,19.0,142.0,-142.0
720,7.0,0.1,0.0,0.9,0.5,0.0,20.0,132.0,-132.0
721,7.0,0.1,0.0,0.9,0.5,0.0,21.0,150.0,-150.0
722,7.0,0.1,0.0,0.9,0.5,0.0,22.0,190.0,-190.0
723,7.0,0.1,0.0,0.9,0.5,0.0,23.0,194.0,-194.0
724,7.0,0.1,0.0,0.9,0.5,0.0,24.0,147.0,-147.0
725,7.0,0.1,0.0,0.9,0.5,0.0,25.0,186.0,-186.0
726,7.0,0.1,0.0,0.9,0.5,0.0,26.0,155.0,-155.0
727,7.0,0.1,0.0,0.9,0.5,0.0,27.0,198.0,-198.0
728,7.0,0.1,0.0,0.9,0.5,0.0,28.0,180.0,-180.0
729,7.0,0.1,0.0,0.9,0.5,0.0,29.0,151.0,-151.0
730,7.0,0.1,0.0,0.9,0.5,0.0,30.0,142.0,-142.0
731,7.0,0.1,0.0,0.9,0.5,0.0,31.0,151.0,-151.0
732,7.0,0.1,0.0,0.9,0.5,0.0,32.0,140.0,-140.0
733,7.0,0.1,0.0,0.9,0.5,0.0,33.0,138.0,-138.0
734,7.0,0.1,0.0,0.9,0.5,0.0,34.0,151.0,-151.0
735,7.0,0.1,0.0,0.9,0.5,0.0,35.0,149.0,-149.0
736,7.0,0.1,0.0,0.9,0.5,0.0,36.0,149.0,-149.0
737,7.0,0.1,0.0,0.9,0.5,0.0,37.0,142.0,-142.0
738,7.0,0.1,0.0,0.9,0.5,0.0,38.0,143.0,-143.0
739,7.0,0.1,0.0,0.9,0.5,0.0,39.0,151.0,-151.0
740,7.0,0.1,0.0,0.9,0.5,0.0,40.0,143.0,-143.0
741,7.0,0.1,0.0,0.9,0.5,0.0,41.0,154.0,-154.0
742,7.0,0.1,0.0,0.9,0.5,0.0,42.0,108.0,-108.0
743,7.0,0.1,0.0,0.9,0.5,0.0,43.0,188.0,-188.0
744,7.0,0.1,0.0,0.9,0.5,0.0,44.0,155.0,-155.0
745,7.0,0.1,0.0,0.9,0.5,0.0,45.0,145.0,-145.0
746,7.0,0.1,0.0,0.9,0.5,0.0,46.0,114.0,-114.0
747,7.0,0.1,0.0,0.9,0.5,0.0,47.0,114.0,-114.0
748,7.0,0.1,0.0,0.9,0.5,0.0,48.0,162.0,-162.0
749,7.0,0.1,0.0,0.9,0.5,0.0,49.0,145.0,-145.0
750,7.0,0.1,0.0,0.9,0.5,0.0,50.0,122.0,-122.0
751,7.0,0.1,0.0,0.9,0.5,0.0,51.0,120.0,-120.0
752,7.0,0.1,0.0,0.9,0.5,0.0,52.0,109.0,-109.0
753,7.0,0.1,0.0,0.9,0.5,0.0,53.0,149.0,-149.0
754,7.0,0.1,0.0,0.9,0.5,0.0,54.0,111.0,-111.0
755,7.0,0.1,0.0,0.9,0.5,0.0,55.0,112.0,-112.0
756,7.0,0.1,0.0,0.9,0.5,0.0,56.0,96.0,-96.0
757,7.0,0.1,0.0,0.9,0.5,0.0,57.0,154.0,-154.0
758,7.0,0.1,0.0,0.9,0.5,0.0,58.0,106.0,-106.0
759,7.0,0.1,0.0,0.9,0.5,0.0,59.0,190.0,-190.0
760,7.0,0.1,0.0,0.9,0.5,0.0,60.0,105.0,-105.0
761,7.0,0.1,0.0,0.9,0.5,0.0,61.0,107.0,-107.0
762,7.0,0.1,0.0,0.9,0.5,0.0,62.0,146.0,-146.0
763,7.0,0.1,0.0,0.9,0.5,0.0,63.0,117.0,-117.0
764,7.0,0.1,0.0,0.9,0.5,0.0,64.0,149.0,-149.0
765,7.0,0.1,0.0,0.9,0.5,0.0,65.0,138.0,-138.0
766,7.0,0.1,0.0,0.9,0.5,0.0,66.0,140.0,-140.0
767,7.0,0.1,0.0,0.9,0.5,0.0,67.0,135.0,-135.0
768,7.0,0.1,0.0,0.9,0.5,0.0,68.0,109.0,-109.0
769,7.0,0.1,0.0,0.9,0.5,0.0,69.0,110.0,-110.0
770,7.0,0.1,0.0,0.9,0.5,0.0,70.0,137.0,-137.0
771,7.0,0.1,0.0,0.9,0.5,0.0,71.0,101.0,-101.0
772,7.0,0.1,0.0,0.9,0.5,0.0,72.0,177.0,-177.0
773,7.0,0.1,0.0,0.9,0.5,0.0,73.0,144.0,-144.0
774,7.0,0.1,0.0,0.9,0.5,0.0,74.0,111.0,-111.0
775,7.0,0.1,0.0,0.9,0.5,0.0,75.0,158.0,-158.0
776,7.0,0.1,0.0,0.9,0.5,0.0,76.0,126.0,-126.0
777,7.0,0.1,0.0,0.9,0.5,0.0,77.0,196.0,-196.0
778,7.0,0.1,0.0,0.9,0.5,0.0,78.0,165.0,-165.0
779,7.0,0.1,0.0,0.9,0.5,0.0,79.0,148.0,-148.0
780,7.0,0.1,0.0,0.9,0.5,0.0,80.0,176.0,-176.0
781,7.0,0.1,0.0,0.9,0.5,0.0,81.0,152.0,-152.0
782,7.0,0.1,0.0,0.9,0.5,0.0,82.0,111.0,-111.0
783,7.0,0.1,0.0,0.9,0.5,0.0,83.0,109.0,-109.0
784,7.0,0.1,0.0,0.9,0.5,0.0,84.0,110.0,-110.0
785,7.0,0.1,0.0,0.9,0.5,0.0,85.0,159.0,-159.0
786,7.0,0.1,0.0,0.9,0.5,0.0,86.0,176.0,-176.0
787,7.0,0.1,0.0,0.9,0.5,0.0,87.0,107.0,-107.0
788,7.0,0.1,0.0,0.9,0.5,0.0,88.0,159.0,-159.0
789,7.0,0.1,0.0,0.9,0.5,0.0,89.0,109.0,-109.0
790,7.0,0.1,0.0,0.9,0.5,0.0,90.0,110.0,-110.0
791,7.0,0.1,0.0,0.9,0.5,0.0,91.0,184.0,-184.0
792,7.0,0.1,0.0,0.9,0.5,0.0,92.0,113.0,-113.0
793,7.0,0.1,0.0,0.9,0.5,0.0,93.0,172.0,-172.0
794,7.0,0.1,0.0,0.9,0.5,0.0,94.0,149.0,-149.0
795,7.0,0.1,0.0,0.9,0.5,0.0,95.0,107.0,-107.0
796,7.0,0.1,0.0,0.9,0.5,0.0,96.0,156.0,-156.0
797,7.0,0.1,0.0,0.9,0.5,0.0,97.0,108.0,-108.0
798,7.0,0.1,0.0,0.9,0.5,0.0,98.0,167.0,-167.0
799,7.0,0.1,0.0,0.9,0.5,0.0,99.0,111.0,-111.0
800,8.0,0.1,0.0,0.9,1.0,0.0,0.0,1643.0,-1643.0
801,8.0,0.1,0.0,0.9,1.0,0.0,1.0,2433.0,-2433.0
802,8.0,0.1,0.0,0.9,1.0,0.0,2.0,442.0,-442.0
803,8.0,0.1,0.0,0.9,1.0,0.0,3.0,1226.0,-1226.0
804,8.0,0.1,0.0,0.9,1.0,0.0,4.0,487.0,-487.0
805,8.0,0.1,0.0,0.9,1.0,0.0,5.0,523.0,-523.0
806,8.0,0.1,0.0,0.9,1.0,0.0,6.0,237.0,-237.0
807,8.0,0.1,0.0,0.9,1.0,0.0,7.0,276.0,-276.0
808,8.0,0.1,0.0,0.9,1.0,0.0,8.0,351.0,-351.0
809,8.0,0.1,0.0,0.9,1.0,0.0,9.0,314.0,-314.0
810,8.0,0.1,0.0,0.9,1.0,0.0,10.0,273.0,-273.0
811,8.0,0.1,0.0,0.9,1.0,0.0,11.0,189.0,-189.0
812,8.0,0.1,0.0,0.9,1.0,0.0,12.0,253.0,-253.0
813,8.0,0.1,0.0,0.9,1.0,0.0,13.0,195.0,-195.0
814,8.0,0.1,0.0,0.9,1.0,0.0,14.0,251.0,-251.0
815,8.0,0.1,0.0,0.9,1.0,0.0,15.0,375.0,-375.0
816,8.0,0.1,0.0,0.9,1.0,0.0,16.0,266.0,-266.0
817,8.0,0.1,0.0,0.9,1.0,0.0,17.0,249.0,-249.0
818,8.0,0.1,0.0,0.9,1.0,0.0,18.0,163.0,-163.0
819,8.0,0.1,0.0,0.9,1.0,0.0,19.0,151.0,-151.0
820,8.0,0.1,0.0,0.9,1.0,0.0,20.0,146.0,-146.0
821,8.0,0.1,0.0,0.9,1.0,0.0,21.0,135.0,-135.0
822,8.0,0.1,0.0,0.9,1.0,0.0,22.0,145.0,-145.0
823,8.0,0.1,0.0,0.9,1.0,0.0,23.0,122.0,-122.0
824,8.0,0.1,0.0,0.9,1.0,0.0,24.0,147.0,-147.0
825,8.0,0.1,0.0,0.9,1.0,0.0,25.0,120.0,-120.0
826,8.0,0.1,0.0,0.9,1.0,0.0,26.0,123.0,-123.0
827,8.0,0.1,0.0,0.9,1.0,0.0,27.0,178.0,-178.0
828,8.0,0.1,0.0,0.9,1.0,0.0,28.0,117.0,-117.0
829,8.0,0.1,0.0,0.9,1.0,0.0,29.0,112.0,-112.0
830,8.0,0.1,0.0,0.9,1.0,0.0,30.0,181.0,-181.0
831,8.0,0.1,0.0,0.9,1.0,0.0,31.0,114.0,-114.0
832,8.0,0.1,0.0,0.9,1.0,0.0,32.0,142.0,-142.0
833,8.0,0.1,0.0,0.9,1.0,0.0,33.0,143.0,-143.0
834,8.0,0.1,0.0,0.9,1.0,0.0,34.0,112.0,-112.0
835,8.0,0.1,0.0,0.9,1.0,0.0,35.0,113.0,-113.0
836,8.0,0.1,0.0,0.9,1.0,0.0,36.0,117.0,-117.0
837,8.0,0.1,0.0,0.9,1.0,0.0,37.0,121.0,-121.0
838,8.0,0.1,0.0,0.9,1.0,0.0,38.0,117.0,-117.0
839,8.0,0.1,0.0,0.9,1.0,0.0,39.0,158.0,-158.0
840,8.0,0.1,0.0,0.9,1.0,0.0,40.0,163.0,-163.0
841,8.0,0.1,0.0,0.9,1.0,0.0,41.0,114.0,-114.0
842,8.0,0.1,0.0,0.9,1.0,0.0,42.0,142.0,-142.0
843,8.0,0.1,0.0,0.9,1.0,0.0,43.0,140.0,-140.0
844,8.0,0.1,0.0,0.9,1.0,0.0,44.0,120.0,-120.0
845,8.0,0.1,0.0,0.9,1.0,0.0,45.0,149.0,-149.0
846,8.0,0.1,0.0,0.9,1.0,0.0,46.0,117.0,-117.0
847,8.0,0.1,0.0,0.9,1.0,0.0,47.0,120.0,-120.0
848,8.0,0.1,0.0,0.9,1.0,0.0,48.0,117.0,-117.0
849,8.0,0.1,0.0,0.9,1.0,0.0,49.0,152.0,-152.0
850,8.0,0.1,0.0,0.9,1.0,0.0,50.0,142.0,-142.0
851,8.0,0.1,0.0,0.9,1.0,0.0,51.0,120.0,-120.0
852,8.0,0.1,0.0,0.9,1.0,0.0,52.0,112.0,-112.0
853,8.0,0.1,0.0,0.9,1.0,0.0,53.0,141.0,-141.0
854,8.0,0.1,0.0,0.9,1.0,0.0,54.0,162.0,-162.0
855,8.0,0.1,0.0,0.9,1.0,0.0,55.0,115.0,-115.0
856,8.0,0.1,0.0,0.9,1.0,0.0,56.0,119.0,-119.0
857,8.0,0.1,0.0,0.9,1.0,0.0,57.0,117.0,-117.0
858,8.0,0.1,0.0,0.9,1.0,0.0,58.0,115.0,-115.0
859,8.0,0.1,0.0,0.9,1.0,0.0,59.0,119.0,-119.0
860,8.0,0.1,0.0,0.9,1.0,0.0,60.0,138.0,-138.0
861,8.0,0.1,0.0,0.9,1.0,0.0,61.0,110.0,-110.0
862,8.0,0.1,0.0,0.9,1.0,0.0,62.0,164.0,-164.0
863,8.0,0.1,0.0,0.9,1.0,0.0,63.0,146.0,-146.0
864,8.0,0.1,0.0,0.9,1.0,0.0,64.0,137.0,-137.0
865,8.0,0.1,0.0,0.9,1.0,0.0,65.0,134.0,-134.0
866,8.0,0.1,0.0,0.9,1.0,0.0,66.0,117.0,-117.0
867,8.0,0.1,0.0,0.9,1.0,0.0,67.0,118.0,-118.0
868,8.0,0.1,0.0,0.9,1.0,0.0,68.0,113.0,-113.0
869,8.0,0.1,0.0,0.9,1.0,0.0,69.0,141.0,-141.0
870,8.0,0.1,0.0,0.9,1.0,0.0,70.0,113.0,-113.0
871,8.0,0.1,0.0,0.9,1.0,0.0,71.0,110.0,-110.0
872,8.0,0.1,0.0,0.9,1.0,0.0,72.0,141.0,-141.0
873,8.0,0.1,0.0,0.9,1.0,0.0,73.0,134.0,-134.0
874,8.0,0.1,0.0,0.9,1.0,0.0,74.0,137.0,-137.0
875,8.0,0.1,0.0,0.9,1.0,0.0,75.0,135.0,-135.0
876,8.0,0.1,0.0,0.9,1.0,0.0,76.0,150.0,-150.0
877,8.0,0.1,0.0,0.9,1.0,0.0,77.0,132.0,-132.0
878,8.0,0.1,0.0,0.9,1.0,0.0,78.0,145.0,-145.0
879,8.0,0.1,0.0,0.9,1.0,0.0,79.0,109.0,-109.0
880,8.0,0.1,0.0,0.9,1.0,0.0,80.0,139.0,-139.0
881,8.0,0.1,0.0,0.9,1.0,0.0,81.0,148.0,-148.0
882,8.0,0.1,0.0,0.9,1.0,0.0,82.0,171.0,-171.0
883,8.0,0.1,0.0,0.9,1.0,0.0,83.0,189.0,-189.0
884,8.0,0.1,0.0,0.9,1.0,0.0,84.0,181.0,-181.0
885,8.0,0.1,0.0,0.9,1.0,0.0,85.0,114.0,-114.0
886,8.0,0.1,0.0,0.9,1.0,0.0,86.0,115.0,-115.0
887,8.0,0.1,0.0,0.9,1.0,0.0,87.0,120.0,-120.0
888,8.0,0.1,0.0,0.9,1.0,0.0,88.0,118.0,-118.0
889,8.0,0.1,0.0,0.9,1.0,0.0,89.0,114.0,-114.0
890,8.0,0.1,0.0,0.9,1.0,0.0,90.0,110.0,-110.0
891,8.0,0.1,0.0,0.9,1.0,0.0,91.0,118.0,-118.0
892,8.0,0.1,0.0,0.9,1.0,0.0,92.0,108.0,-108.0
893,8.0,0.1,0.0,0.9,1.0,0.0,93.0,172.0,-172.0
894,8.0,0.1,0.0,0.9,1.0,0.0,94.0,112.0,-112.0
895,8.0,0.1,0.0,0.9,1.0,0.0,95.0,148.0,-148.0
896,8.0,0.1,0.0,0.9,1.0,0.0,96.0,168.0,-168.0
897,8.0,0.1,0.0,0.9,1.0,0.0,97.0,144.0,-144.0
898,8.0,0.1,0.0,0.9,1.0,0.0,98.0,111.0,-111.0
899,8.0,0.1,0.0,0.9,1.0,0.0,99.0,184.0,-184.0
